category,enzyme_name,ec_number,pdb_id,ph_optimum,title,organism,resolution,method
ligases,adenylosuccinate,6.3,1ADI,7.0,STRUCTURE OF ADENYLOSUCCINATE SYNTHETASE AT PH 6.5 AND 25 DEGREES CELSIUS,,2.5,X-RAY DIFFRACTION
transferases,synthase,2.3,1A59,7.0,COLD-ACTIVE CITRATE SYNTHASE,,2.09,X-RAY DIFFRACTION
lyases,indole-3-glycerolphosphate,4.1,1A53,7.0,COMPLEX OF INDOLE-3-GLYCEROLPHOSPHATE SYNTHASE FROM SULFOLOBUS SOLFATARICUS WITH INDOLE-3-GLYCEROLPHOSPHATE AT 2.0 A RESOLUTION,,2.0,X-RAY DIFFRACTION
ligases,enzyme,6.3,1A3S,7.0,HUMAN UBC9,,2.8,X-RAY DIFFRACTION
lyases,spinach,4.1,1AA1,7.0,ACTIVATED SPINACH RUBISCO IN COMPLEX WITH THE PRODUCT 3-PHOSPHOGLYCERATE,,2.2,X-RAY DIFFRACTION
oxidoreductases,oxidase,1.10,1BT1,7.0,CATECHOL OXIDASE FROM IPOMOEA BATATAS (SWEET POTATOES) IN THE NATIVE CU(II)-CU(II) STATE,,2.7,X-RAY DIFFRACTION
lyases,carboxykinase,4.1,1AQ2,7.0,PHOSPHOENOLPYRUVATE CARBOXYKINASE,,1.9,X-RAY DIFFRACTION
transferases,s-transferase,2.5,13GS,7.0,GLUTATHIONE S-TRANSFERASE COMPLEXED WITH SULFASALAZINE,,1.9,X-RAY DIFFRACTION
oxidoreductases,plastocyanin,1.10,1B3I,7.0,"NMR SOLUTION STRUCTURE OF PLASTOCYANIN FROM THE PHOTOSYNTHETIC PROKARYOTE, PROCHLOROTHRIX HOLLANDICA (MINIMIZED AVERAGE STRUCTURE)",,,SOLUTION NMR
ligases,synthetase,6.1,1B8A,7.0,ASPARTYL-TRNA SYNTHETASE,,1.9,X-RAY DIFFRACTION
hydrolases,minimized,3.6,1AA9,7.0,"HUMAN C-HA-RAS(1-171)(DOT)GDP, NMR, MINIMIZED AVERAGE STRUCTURE",,,SOLUTION NMR
transferases,synthase,2.1,1AJM,7.0,CRYSTAL STRUCTURE OF THYMIDYLATE SYNTHASE R126E MUTANT,,2.4,X-RAY DIFFRACTION
hydrolases,crystalline,3.4,1IOF,7.0,"X-RAY CRYSTALLINE STRUCTURES OF PYRROLIDONE CARBOXYL PEPTIDASE FROM A HYPERTHERMOPHILE, PYROCOCCUS FURIOSUS, AND ITS CYS-FREE MUTANT",,2.2,X-RAY DIFFRACTION
hydrolases,alpha-amylase,3.2,1BVN,7.0,PIG PANCREATIC ALPHA-AMYLASE IN COMPLEX WITH THE PROTEINACEOUS INHIBITOR TENDAMISTAT,,2.5,X-RAY DIFFRACTION
ligases,dethiobiotin,6.3,1A82,7.0,"DETHIOBIOTIN SYNTHETASE FROM ESCHERICHIA COLI, COMPLEX WITH SUBSTRATES ATP AND DIAMINOPELARGONIC ACID",,1.8,X-RAY DIFFRACTION
isomerases,isomerase--t48a,5.5,1JX1,7.0,Chalcone Isomerase--T48A mutant,,2.3,X-RAY DIFFRACTION
transferases,aminotransferase,2.6,1AHG,7.0,ASPARTATE AMINOTRANSFERASE HEXAMUTANT,,2.5,X-RAY DIFFRACTION
hydrolases,lipase,3.1,1RP1,7.0,DOG PANCREATIC LIPASE RELATED PROTEIN 1,,2.1,X-RAY DIFFRACTION
ligases,synthetase,6.1,1ADY,7.0,HISTIDYL-TRNA SYNTHETASE IN COMPLEX WITH HISTIDYL-ADENYLATE,,2.8,X-RAY DIFFRACTION
hydrolases,deoxycoformycin,3.5,1A4L,7.0,ADA STRUCTURE COMPLEXED WITH DEOXYCOFORMYCIN AT PH 7.0,,2.6,X-RAY DIFFRACTION
lyases,synthase,4.2,1A50,7.0,CRYSTAL STRUCTURE OF WILD-TYPE TRYPTOPHAN SYNTHASE COMPLEXED WITH 5-FLUOROINDOLE PROPANOL PHOSPHATE,,2.3,X-RAY DIFFRACTION
oxidoreductases,enzyme,1.11,8J4Q,7.0,Crystal structure of eKatE (extra KatE) from atypical E. coli,,2.1,X-RAY DIFFRACTION
oxidoreductases,protein,1.14,1AFR,7.0,STEAROYL-ACYL CARRIER PROTEIN DESATURASE FROM CASTOR SEEDS,,2.4,X-RAY DIFFRACTION
oxidoreductases,catalase,1.11,1JKV,7.0,Crystal Structure of Manganese Catalase from Lactobacillus plantarum complexed with azide,,1.39,X-RAY DIFFRACTION
ligases,aminoacyl,6.1,1ASY,7.0,CLASS II AMINOACYL TRANSFER RNA SYNTHETASES: CRYSTAL STRUCTURE OF YEAST ASPARTYL-TRNA SYNTHETASE COMPLEXED WITH TRNA ASP,,2.9,X-RAY DIFFRACTION
lyases,indole-3-glycerol,4.2,1A5B,7.0,"CRYO-CRYSTALLOGRAPHY OF A TRUE SUBSTRATE, INDOLE-3-GLYCEROL PHOSPHATE, BOUND TO A MUTANT (ALPHA D60N) TRYPTOPHAN SYNTHASE ALPHA2BETA2 COMPLEX REVEALS THE CORRECT ORIENTATION OF ACTIVE SITE ALPHA GLU 49",,2.0,X-RAY DIFFRACTION
oxidoreductases,reductase,1.6,1AMO,7.0,THREE-DIMENSIONAL STRUCTURE OF NADPH-CYTOCHROME P450 REDUCTASE: PROTOTYPE FOR FMN-AND FAD-CONTAINING ENZYMES,,2.6,X-RAY DIFFRACTION
oxidoreductases,dehydrogenase,1.1,1A72,7.0,"AN ACTIVE-SITE DOUBLE MUTANT (PHE93->TRP, VAL203->ALA) OF HORSE LIVER ALCOHOL DEHYDROGENASE IN COMPLEX WITH THE ISOSTERIC NAD ANALOG CPAD",,2.6,X-RAY DIFFRACTION
lyases,synthase,4.1,1JSC,7.0,Crystal Structure of the Catalytic Subunit of Yeast Acetohydroxyacid Synthase: A target for Herbicidal Inhibitors,,2.6,X-RAY DIFFRACTION
transferases,synthase/riboflavin,2.5,1RVV,7.0,SYNTHASE/RIBOFLAVIN SYNTHASE COMPLEX OF BACILLUS SUBTILIS,,2.4,X-RAY DIFFRACTION
lyases,synthase,4.2,6PHE,7.0,Crystal structure of Methylglyoxal synthase from Elizabethkingia anophelis NUHP1,,2.1,X-RAY DIFFRACTION
oxidoreductases,n-(1-d-carboxylethyl)-l-norvaline,1.5,1BG6,7.0,CRYSTAL STRUCTURE OF THE N-(1-D-CARBOXYLETHYL)-L-NORVALINE DEHYDROGENASE FROM ARTHROBACTER SP. STRAIN 1C,,1.8,X-RAY DIFFRACTION
oxidoreductases,reductase,1.9,1GQ1,7.0,"CYTOCHROME CD1 NITRITE REDUCTASE, Y25S mutant, OXIDISED FORM",,1.4,X-RAY DIFFRACTION
oxidoreductases,thioredoxin,1.6,1CL0,7.0,CRYSTAL STRUCTURE OF REDUCED THIOREDOXIN REDUCTASE FROM ESCHERICHIA COLI.,,2.5,X-RAY DIFFRACTION
hydrolases,aerogenes,3.5,1A5L,7.0,K217C VARIANT OF KLEBSIELLA AEROGENES UREASE,,2.2,X-RAY DIFFRACTION
transferases,xprtase,2.4,1A95,7.0,XPRTASE FROM E. COLI COMPLEXED WITH MG:CPRPP AND GUANINE,,2.0,X-RAY DIFFRACTION
hydrolases,intermediate,3.1,5XJV,7.0,Two intermediate states of conformation switch in dual specificity phosphatase 13a,,1.69,X-RAY DIFFRACTION
transferases,histidine-containing,2.7,1A0B,7.0,HISTIDINE-CONTAINING PHOSPHOTRANSFER DOMAIN OF ARCB FROM ESCHERICHIA COLI,,2.06,X-RAY DIFFRACTION
oxidoreductases,myoglobin,1.11,109M,7.0,SPERM WHALE MYOGLOBIN D122N ETHYL ISOCYANIDE AT PH 9.0,,1.83,X-RAY DIFFRACTION
hydrolases,thrombin,3.4,1A2C,7.0,Structure of thrombin inhibited by AERUGINOSIN298-A from a BLUE-GREEN ALGA,,2.1,X-RAY DIFFRACTION
ligases,hydrogenase,6.2,1GXU,7.0,"Hydrogenase Maturation Protein HypF ""acylphosphatase-like"" N-terminal domain (HypF-ACP) in complex with a substrate. Crystal grown in the presence of carbamoylphosphate",,1.27,X-RAY DIFFRACTION
hydrolases,peptidase,3.4,1Z8T,7.0,"Structure of Mutant Pyrrolidone Carboxyl Peptidase (E192Q) from a Hyperthermophile, Pyrococcus furiosus",,2.5,X-RAY DIFFRACTION
transferases,transketolase,2.2,1ITZ,7.0,Maize Transketolase in complex with TPP,,2.3,X-RAY DIFFRACTION
oxidoreductases,dehydrogenase,1.3,1D3H,7.0,HUMAN DIHYDROOROTATE DEHYDROGENASE COMPLEXED WITH ANTIPROLIFERATIVE AGENT A771726,,1.8,X-RAY DIFFRACTION
transferases,transacetylase,2.3,1B5S,7.0,DIHYDROLIPOYL TRANSACETYLASE (E.C.2.3.1.12) CATALYTIC DOMAIN (RESIDUES 184-425) FROM BACILLUS STEAROTHERMOPHILUS,,4.4,X-RAY DIFFRACTION
oxidoreductases,dehydrogenase,1.1,1A5Z,7.0,LACTATE DEHYDROGENASE FROM THERMOTOGA MARITIMA (TMLDH),,2.1,X-RAY DIFFRACTION
transferases,s-transferase,2.5,14GS,7.0,GLUTATHIONE S-TRANSFERASE P1-1 APO FORM 1,,2.8,X-RAY DIFFRACTION
oxidoreductases,dehydrogenase,1.2,1AA6,7.0,REDUCED FORM OF FORMATE DEHYDROGENASE H FROM E. COLI,,2.3,X-RAY DIFFRACTION
ligases,in,6.3,1MDB,7.0,CRYSTAL STRUCTURE OF DhbE IN COMPLEX WITH DHB-ADENYLATE,,2.15,X-RAY DIFFRACTION
transferases,enzyme,2.1,1AF7,7.0,CHER FROM SALMONELLA TYPHIMURIUM,,2.0,X-RAY DIFFRACTION
lyases,lyase,4.2,1N7O,7.0,Streptococcus pneumoniae Hyaluronate Lyase F343V Mutant,,1.5,X-RAY DIFFRACTION
lyases,adenylosuccinate,4.3,1C3C,7.0,T. MARITIMA ADENYLOSUCCINATE LYASE,,1.8,X-RAY DIFFRACTION
oxidoreductases,amine,1.4,2OQE,7.0,Crystal Structure of Hansenula polymorpha amine oxidase in complex with Xe to 1.6 Angstroms,,1.6,X-RAY DIFFRACTION
oxidoreductases,17-beta-hydroxysteroid-dehydrogenase,1.1,1A27,7.0,HUMAN 17-BETA-HYDROXYSTEROID-DEHYDROGENASE TYPE 1 C-TERMINAL DELETION MUTANT COMPLEXED WITH ESTRADIOL AND NADP+,,1.9,X-RAY DIFFRACTION
oxidoreductases,reductase,1.3,1D4C,7.0,CRYSTAL STRUCTURE OF THE UNCOMPLEXED FORM OF THE FLAVOCYTOCHROME C FUMARATE REDUCTASE OF SHEWANELLA PUTREFACIENS STRAIN MR-1,,2.9,X-RAY DIFFRACTION
hydrolases,lipase,3.1,1W52,7.0,Crystal structure of a proteolyzed form of pancreatic lipase related protein 2 from horse,,2.99,X-RAY DIFFRACTION
oxidoreductases,ferredoxin,1.8,1DJ7,7.0,CRYSTAL STRUCTURE OF FERREDOXIN THIOREDOXIN REDUCTASE,,1.6,X-RAY DIFFRACTION
oxidoreductases,catalase,1.11,2XQ1,7.0,Crystal structure of peroxisomal catalase from the yeast Hansenula polymorpha,,2.9,X-RAY DIFFRACTION
hydrolases,gtpase,3.6,1A4R,7.0,G12V MUTANT OF HUMAN PLACENTAL CDC42 GTPASE IN THE GDP FORM,,2.5,X-RAY DIFFRACTION
oxidoreductases,dehydrogenase,1.2,1A4Z,7.0,ALDEHYDE DEHYDROGENASE FROM BOVINE MITOCHONDRIA COMPLEX WITH NAD (REDUCED) AND SAMARIUM (III),,2.75,X-RAY DIFFRACTION
ligases,carboxylase,6.4,1UYS,7.0,Acetyl-CoA carboxylase carboxyltransferase domain in complex with inhibitor haloxyfop,,2.8,X-RAY DIFFRACTION
ligases,apo-biotin,6.4,1A6X,7.0,"STRUCTURE OF THE APO-BIOTIN CARBOXYL CARRIER PROTEIN (APO-BCCP87) OF ESCHERICHIA COLI ACETYL-COA CARBOXYLASE, NMR, 49 STRUCTURES",,,SOLUTION NMR
isomerases,isomerase,5.3,1A0D,7.0,XYLOSE ISOMERASE FROM BACILLUS STEAROTHERMOPHILUS,,3.0,X-RAY DIFFRACTION
hydrolases,peptidase,3.4,1Z8W,7.0,"Structure of Mutant Pyrrolidone Carboxyl Peptidase (E192I) from a Hyperthermophile, Pyrococcus furiosus",,2.0,X-RAY DIFFRACTION
transferases,aminotransferase,2.6,1AHF,7.0,ASPARTATE AMINOTRANSFERASE HEXAMUTANT,,2.3,X-RAY DIFFRACTION
oxidoreductases,domain,1.9,1HZU,7.0,DOMAIN SWING UPON HIS TO ALA MUTATION IN NITRITE REDUCTASE OF PSEUDOMONAS AERUGINOSA,,2.7,X-RAY DIFFRACTION
oxidoreductases,amine,1.4,1A2V,7.0,COPPER AMINE OXIDASE FROM HANSENULA POLYMORPHA,,2.4,X-RAY DIFFRACTION
oxidoreductases,catalase,1.11,1P81,7.0,Crystal structure of the D181E variant of catalase HPII from E. coli,,1.81,X-RAY DIFFRACTION
transferases,domains,2.8,3K6M,7.0,Dynamic domains of Succinyl-CoA:3-ketoacid-coenzyme A transferase from pig heart.,,1.5,X-RAY DIFFRACTION
isomerases,isomerase,5.3,2VVO,7.0,Crystal structure of Mycobacterium tuberculosis ribose-5-phosphate isomerase B in complex with alpha d-allose 6-phosphate,,1.85,X-RAY DIFFRACTION
transferases,reductase,2.8,1E6Y,7.0,Methyl-coenzyme M reductase from Methanosarcina barkeri,,1.6,X-RAY DIFFRACTION
hydrolases,alpha-thrombin,3.4,1A3E,7.0,COMPLEX OF HUMAN ALPHA-THROMBIN WITH THE BIFUNCTIONAL BORONATE INHIBITOR BOROLOG2,,1.85,X-RAY DIFFRACTION
hydrolases,peptidase,3.4,2EO8,7.0,Crystal structure of a mutant pyrrolidone carboxyl peptidase (A199P) from P. furiosus,,2.3,X-RAY DIFFRACTION
oxidoreductases,"cis-biphenyl-2,3-dihydrodiol-2,3-dehydrogenase",1.3,1BDB,7.0,"CIS-BIPHENYL-2,3-DIHYDRODIOL-2,3-DEHYDROGENASE FROM PSEUDOMONAS SP. LB400",,2.0,X-RAY DIFFRACTION
oxidoreductases,copper-containing,1.4,1AV4,7.0,CRYSTAL STRUCTURES OF THE COPPER-CONTAINING AMINE OXIDASE FROM ARTHROBACTER GLOBIFORMIS IN THE HOLO-AND APO-FORMS: IMPLICATIONS FOR THE BIOGENESIS OF TOPA QUINONE,,2.2,X-RAY DIFFRACTION
transferases,kinase,2.7,3RE4,7.0,Crystal Structure of Archaeoglobus Fulgidus Rio1 Kinase bound to Toyocamycin.,,1.997,X-RAY DIFFRACTION
oxidoreductases,enzyme,1.14,1AKD,7.0,"CYTOCHROME P450CAM FROM PSEUDOMONAS PUTIDA, COMPLEXED WITH 1S-CAMPHOR",,1.8,X-RAY DIFFRACTION
transferases,n-terminal,2.3,1B47,7.0,STRUCTURE OF THE N-TERMINAL DOMAIN OF CBL IN COMPLEX WITH ITS BINDING SITE IN ZAP-70,,2.2,X-RAY DIFFRACTION
transferases,s-transferase,2.5,11GS,7.0,Glutathione s-transferase complexed with ethacrynic acid-glutathione conjugate (form ii),,2.3,X-RAY DIFFRACTION
ligases,synthetase,6.1,1A8H,7.0,METHIONYL-TRNA SYNTHETASE FROM THERMUS THERMOPHILUS,,2.0,X-RAY DIFFRACTION
isomerases,phenylalanine,5.1,1AMU,7.0,PHENYLALANINE ACTIVATING DOMAIN OF GRAMICIDIN SYNTHETASE 1 IN A COMPLEX WITH AMP AND PHENYLALANINE,,1.9,X-RAY DIFFRACTION
hydrolases,lipase-specific,3.1,2ES4,7.0,Crystal structure of the Burkholderia glumae lipase-specific foldase in complex with its cognate lipase,,1.85,X-RAY DIFFRACTION
isomerases,mutase,5.4,1BQ4,7.0,SACCHAROMYCES CEREVISIAE PHOSPHOGLYCERATE MUTASE IN COMPLEX WITH BENZENE HEXACARBOXYLATE,,2.5,X-RAY DIFFRACTION
oxidoreductases,dehydrogenase,1.5,1A4I,7.0,HUMAN TETRAHYDROFOLATE DEHYDROGENASE / CYCLOHYDROLASE,,1.5,X-RAY DIFFRACTION
unclassified,bovine,7.1,5B1B,7.0,Bovine heart cytochrome c oxidase in the fully reduced state at 1.6 angstrom resolution,,1.6,X-RAY DIFFRACTION
oxidoreductases,hydroxylase,1.14,1BKW,7.0,"p-Hydroxybenzoate hydroxylase (phbh) mutant with cys116 replaced by ser (c116s) and arg44 replaced by lys (r44k), in complex with fad and 4-hydroxybenzoic acid",,2.2,X-RAY DIFFRACTION
transferases,aminotransferase,2.6,1AAM,7.0,THE STRUCTURAL BASIS FOR THE ALTERED SUBSTRATE SPECIFICITY OF THE R292D ACTIVE SITE MUTANT OF ASPARTATE AMINOTRANSFERASE FROM E. COLI,,2.8,X-RAY DIFFRACTION
oxidoreductases,refined,1.10,1AOZ,7.0,REFINED CRYSTAL STRUCTURE OF ASCORBATE OXIDASE AT 1.9 ANGSTROMS RESOLUTION,,1.9,X-RAY DIFFRACTION
lyases,chondroitin,4.2,1HN0,7.0,CRYSTAL STRUCTURE OF CHONDROITIN ABC LYASE I FROM PROTEUS VULGARIS AT 1.9 ANGSTROMS RESOLUTION,,1.9,X-RAY DIFFRACTION
oxidoreductases,dehydrogenase,1.2,1AG8,7.0,ALDEHYDE DEHYDROGENASE FROM BOVINE MITOCHONDRIA,,2.65,X-RAY DIFFRACTION
transferases,estrogen,2.8,1BO6,7.0,ESTROGEN SULFOTRANSFERASE WITH INACTIVE COFACTOR PAP AND VANADATE,,2.1,X-RAY DIFFRACTION
hydrolases,inorganic,3.6,117E,7.0,THE R78K AND D117E ACTIVE SITE VARIANTS OF SACCHAROMYCES CEREVISIAE SOLUBLE INORGANIC PYROPHOSPHATASE: STRUCTURAL STUDIES AND MECHANISTIC IMPLICATIONS,,2.15,X-RAY DIFFRACTION
lyases,argininosuccinate,4.3,1AOS,7.0,HUMAN ARGININOSUCCINATE LYASE,,4.2,X-RAY DIFFRACTION
transferases,succinyl-coa:3-ketoacid,2.8,2NRC,7.0,C28A Mutant of Succinyl-CoA:3-Ketoacid CoA Transferase from Pig Heart,,2.05,X-RAY DIFFRACTION
transferases,synthase,2.1,1AIQ,7.0,CRYSTAL STRUCTURE OF THYMIDYLATE SYNTHASE R126E MUTANT,,2.2,X-RAY DIFFRACTION
oxidoreductases,myoglobin,1.11,104M,7.0,SPERM WHALE MYOGLOBIN N-BUTYL ISOCYANIDE AT PH 7.0,,1.71,X-RAY DIFFRACTION
isomerases,enzyme,5.2,1AWR,7.0,CYPA COMPLEXED WITH HAGPIA,,1.58,X-RAY DIFFRACTION
transferases,domain),2.7,1A09,7.0,"C-src (SH2 domain) complexed with ace-formyl phosphotyr-glu-(n,n-dipentyl amine)",,2.0,X-RAY DIFFRACTION
lyases,aldolases,4.1,1ALD,7.0,ACTIVITY AND SPECIFICITY OF HUMAN ALDOLASES,,2.0,X-RAY DIFFRACTION
isomerases,"7,8-dihydroneopterin",5.1,1DHN,7.0,"1.65 ANGSTROM RESOLUTION STRUCTURE OF 7,8-DIHYDRONEOPTERIN ALDOLASE FROM STAPHYLOCOCCUS AUREUS",,1.65,X-RAY DIFFRACTION
oxidoreductases,dehydrogenase,1.1,1A05,7.0,CRYSTAL STRUCTURE OF THE COMPLEX OF 3-ISOPROPYLMALATE DEHYDROGENASE FROM THIOBACILLUS FERROOXIDANS WITH 3-ISOPROPYLMALATE,,2.0,X-RAY DIFFRACTION
hydrolases,lipase-colipase,3.1,1N8S,7.0,Structure of the pancreatic lipase-colipase complex,,3.04,X-RAY DIFFRACTION
transferases,thiolase,2.3,1AFW,7.0,THE 1.8 ANGSTROM CRYSTAL STRUCTURE OF THE DIMERIC PEROXISOMAL THIOLASE OF SACCHAROMYCES CEREVISIAE,,1.8,X-RAY DIFFRACTION
isomerases,racemase,5.1,1B74,7.0,GLUTAMATE RACEMASE FROM AQUIFEX PYROPHILUS,,2.3,X-RAY DIFFRACTION
ligases,ligase,6.5,4EEQ,7.0,Crystal structure of E. faecalis DNA ligase with inhibitor,,2.1,X-RAY DIFFRACTION
isomerases,cyclophilin,5.2,1A58,7.0,CYCLOPHILIN FROM BRUGIA MALAYI,,1.95,X-RAY DIFFRACTION
transferases,arginine,2.1,1ACM,7.0,"ARGININE 54 IN THE ACTIVE SITE OF ESCHERICHIA COLI ASPARTATE TRANSCARBAMOYLASE IS CRITICAL FOR CATALYSIS: A SITE-SPECIFIC MUTAGENESIS, NMR AND X-RAY CRYSTALLOGRAPHY STUDY",,2.8,X-RAY DIFFRACTION
transferases,spirohydantoin,2.4,1A8I,7.0,SPIROHYDANTOIN INHIBITOR OF GLYCOGEN PHOSPHORYLASE,,1.78,X-RAY DIFFRACTION
isomerases,mutase,5.4,1BE1,7.0,"GLUTAMATE MUTASE (B12-BINDING SUBUNIT), NMR, MINIMIZED AVERAGE STRUCTURE",,,SOLUTION NMR
transferases,transaldolase,2.2,1I2R,7.0,CRYSTAL STRUCTURE OF ESCHERICHIA COLI TRANSALDOLASE B MUTANT S176A,,2.1,X-RAY DIFFRACTION
oxidoreductases,hydroxylase,1.14,1BGN,7.0,"P-HYDROXYBENZOATE HYDROXYLASE (PHBH) MUTANT WITH CYS 116 REPLACED BY SER (C116S) AND ARG 269 REPLACED BY THR (R269T), IN COMPLEX WITH FAD AND 4-HYDROXYBENZOIC ACID",,2.0,X-RAY DIFFRACTION
ligases,carboxylase,6.4,1OD2,7.0,Acetyl-CoA Carboxylase Carboxyltransferase Domain,,2.7,X-RAY DIFFRACTION
oxidoreductases,reductase,1.1,1ABN,7.0,THE CRYSTAL STRUCTURE OF THE ALDOSE REDUCTASE NADPH BINARY COMPLEX,,2.4,X-RAY DIFFRACTION
oxidoreductases,dehydrogenase/cyclohydrolase,1.5,1B0A,7.0,"5,10, METHYLENE-TETRAHYDROPHOLATE DEHYDROGENASE/CYCLOHYDROLASE FROM E COLI.",,2.56,X-RAY DIFFRACTION
hydrolases,protease,3.4,4PRO,7.0,ALPHA-LYTIC PROTEASE COMPLEXED WITH PRO REGION,,2.4,X-RAY DIFFRACTION
isomerases,isomerase,5.3,1AW1,7.0,TRIOSEPHOSPHATE ISOMERASE OF VIBRIO MARINUS COMPLEXED WITH 2-PHOSPHOGLYCOLATE,,2.7,X-RAY DIFFRACTION
oxidoreductases,myoglobin,1.11,102M,7.0,SPERM WHALE MYOGLOBIN H64A AQUOMET AT PH 9.0,,1.84,X-RAY DIFFRACTION
hydrolases,agkistrotoxin,3.1,1A2A,7.0,"AGKISTROTOXIN, A PHOSPHOLIPASE A2-TYPE PRESYNAPTIC NEUROTOXIN FROM AGKISTRODON HALYS PALLAS",,2.8,X-RAY DIFFRACTION
lyases,hydratase,4.2,1AHJ,7.0,NITRILE HYDRATASE,,2.65,X-RAY DIFFRACTION
hydrolases,s-adenosylhomocystein,3.3,1B3R,7.0,RAT LIVER S-ADENOSYLHOMOCYSTEIN HYDROLASE,,2.8,X-RAY DIFFRACTION
hydrolases,n-carbamoylputrescine,3.5,5H8I,7.0,Crystal structure of Medicago truncatula N-carbamoylputrescine amidohydrolase (MtCPA) in complex with N-(dihydroxymethyl)putrescine,,1.97,X-RAY DIFFRACTION
ligases,succinyl-coa,6.2,1CQJ,7.0,CRYSTAL STRUCTURE OF DEPHOSPHORYLATED E. COLI SUCCINYL-COA SYNTHETASE,,2.9,X-RAY DIFFRACTION
oxidoreductases,catalase,1.11,1QF7,7.0,STRUCTURE OF THE MUTANT HIS392GLN OF CATALASE HPII FROM E. COLI,,2.2,X-RAY DIFFRACTION
hydrolases,aerogenes,3.5,1A5O,7.0,"K217C VARIANT OF KLEBSIELLA AEROGENES UREASE, CHEMICALLY RESCUED BY FORMATE AND NICKEL",,2.5,X-RAY DIFFRACTION
transferases,aminotransferase,2.6,1AHY,7.0,ASPARTATE AMINOTRANSFERASE HEXAMUTANT,,2.3,X-RAY DIFFRACTION
oxidoreductases,aeruginosa,1.9,1GJQ,7.0,Pseudomonas aeruginosa cd1 nitrite reductase reduced cyanide complex,,2.7,X-RAY DIFFRACTION
isomerases,enzyme,5.2,1AWU,7.0,CYPA COMPLEXED WITH HVGPIA (PSEUDO-SYMMETRIC MONOMER),,2.34,X-RAY DIFFRACTION
transferases,kinase,2.7,16PK,7.0,PHOSPHOGLYCERATE KINASE FROM TRYPANOSOMA BRUCEI BISUBSTRATE ANALOG,,1.6,X-RAY DIFFRACTION
oxidoreductases,dehydrogenase,1.2,1A7K,7.0,GLYCOSOMAL GLYCERALDEHYDE-3-PHOSPHATE DEHYDROGENASE IN A MONOCLINIC CRYSTAL FORM,,2.8,X-RAY DIFFRACTION
hydrolases,aerogenes,3.5,1A5N,7.0,"K217A VARIANT OF KLEBSIELLA AEROGENES UREASE, CHEMICALLY RESCUED BY FORMATE AND NICKEL",,2.4,X-RAY DIFFRACTION
hydrolases,lipase-related,3.1,2PPL,7.0,Human Pancreatic lipase-related protein 1,,2.2,X-RAY DIFFRACTION
hydrolases,peptidase,3.4,1AUG,7.0,CRYSTAL STRUCTURE OF THE PYROGLUTAMYL PEPTIDASE I FROM BACILLUS AMYLOLIQUEFACIENS,,2.0,X-RAY DIFFRACTION
oxidoreductases,reductase,1.1,1A80,7.0,"Native 2,5-DIKETO-D-GLUCONIC acid reductase a from CORYNBACTERIUM SP. complexed with nadph",,2.1,X-RAY DIFFRACTION
hydrolases,alpha-amylase,3.2,1CLV,7.0,YELLOW MEAL WORM ALPHA-AMYLASE IN COMPLEX WITH THE AMARANTH ALPHA-AMYLASE INHIBITOR,,2.0,X-RAY DIFFRACTION
oxidoreductases,reductase,1.7,1B5T,7.0,ESCHERICHIA COLI METHYLENETETRAHYDROFOLATE REDUCTASE,,2.5,X-RAY DIFFRACTION
oxidoreductases,oxidase,1.9,1M57,7.0,Structure of cytochrome c oxidase from Rhodobacter sphaeroides (EQ(I-286) mutant)),,3.0,X-RAY DIFFRACTION
transferases,oxoglutarate-induced,2.6,1AAT,7.0,OXOGLUTARATE-INDUCED CONFORMATIONAL CHANGES IN CYTOSOLIC ASPARTATE AMINOTRANSFERASE,,2.8,X-RAY DIFFRACTION
isomerases,enzyme,5.2,1AWS,7.0,SECYPA COMPLEXED WITH HAGPIA (PSEUDO-SYMMETRIC MONOMER),,2.55,X-RAY DIFFRACTION
ligases,biotinyl,6.4,1BDO,7.0,STRUCTURE OF THE BIOTINYL DOMAIN OF ACETYL-COENZYME A CARBOXYLASE DETERMINED BY MAD PHASING,,1.8,X-RAY DIFFRACTION
transferases,enzyme,2.8,4HL6,7.0,YfdE from Escherichia coli,,2.12,X-RAY DIFFRACTION
hydrolases,serine,3.1,6IHL,7.0,Crystal structure of bacterial serine phosphatase,,1.573,X-RAY DIFFRACTION
oxidoreductases,catalase,1.11,1JKU,7.0,Crystal Structure of Manganese Catalase from Lactobacillus plantarum,,1.84,X-RAY DIFFRACTION
hydrolases,amino-acid,3.2,103L,7.0,HOW AMINO-ACID INSERTIONS ARE ALLOWED IN AN ALPHA-HELIX OF T4 LYSOZYME,,1.9,X-RAY DIFFRACTION
ligases,ubiquitin-conjugating,6.3,1AYZ,7.0,CRYSTAL STRUCTURE OF THE SACCHAROMYCES CEREVISIAE UBIQUITIN-CONJUGATING ENZYME RAD6 (UBC2) AT 2.6A RESOLUTION,,2.6,X-RAY DIFFRACTION
hydrolases,amino-acid,3.2,104L,7.0,HOW AMINO-ACID INSERTIONS ARE ALLOWED IN AN ALPHA-HELIX OF T4 LYSOZYME,,2.8,X-RAY DIFFRACTION
oxidoreductases,catalase,1.11,1P80,7.0,Crystal structure of the D181Q variant of catalase HPII from E. coli,,1.65,X-RAY DIFFRACTION
ligases,asparagine,6.3,11AS,7.0,"ASPARAGINE SYNTHETASE MUTANT C51A, C315A COMPLEXED WITH L-ASPARAGINE",,2.5,X-RAY DIFFRACTION
oxidoreductases,dihydrodipicolinate,1.3,1ARZ,7.0,"ESCHERICHIA COLI DIHYDRODIPICOLINATE REDUCTASE IN COMPLEX WITH NADH AND 2,6 PYRIDINE DICARBOXYLATE",,2.6,X-RAY DIFFRACTION
oxidoreductases,myoglobin,1.11,107M,7.0,SPERM WHALE MYOGLOBIN V68F N-BUTYL ISOCYANIDE AT PH 9.0,,2.09,X-RAY DIFFRACTION
transferases,reductase,2.8,5A0Y,7.0,METHYL-COENZYME M REDUCTASE FROM METHANOTHERMOBACTER MARBURGENSIS AT 1.1 A RESOLUTION,,1.1,X-RAY DIFFRACTION
ligases,ligase,6.5,4EFE,7.0,crystal structure of DNA ligase,,2.0,X-RAY DIFFRACTION
lyases,aconitase,4.2,1ACO,7.0,CRYSTAL STRUCTURE OF ACONITASE WITH TRANSACONITATE BOUND,,2.05,X-RAY DIFFRACTION
lyases,in,4.2,1PE9,7.0,MUTATIONS IN THE T1.5 LOOP OF PECTATE LYASE A,,1.6,X-RAY DIFFRACTION
hydrolases,aminopeptidase,3.4,1A16,7.0,AMINOPEPTIDASE P FROM E. COLI WITH THE INHIBITOR PRO-LEU,,2.3,X-RAY DIFFRACTION
ligases,succinyl-coa,6.2,2YV2,7.0,Crystal Structure of Succinyl-CoA Synthetase Alpha Chain from Aeropyrum pernix K1,,2.2,X-RAY DIFFRACTION
ligases,synthetase,6.1,1ASZ,7.0,THE ACTIVE SITE OF YEAST ASPARTYL-TRNA SYNTHETASE: STRUCTURAL AND FUNCTIONAL ASPECTS OF THE AMINOACYLATION REACTION,,3.0,X-RAY DIFFRACTION
transferases,aminotransferase,2.6,1AHE,7.0,ASPARTATE AMINOTRANSFERASE HEXAMUTANT,,2.3,X-RAY DIFFRACTION
oxidoreductases,in,1.5,1B37,7.0,A 30 ANGSTROM U-SHAPED CATALYTIC TUNNEL IN THE CRYSTAL STRUCTURE OF POLYAMINE OXIDASE,,1.9,X-RAY DIFFRACTION
ligases,domain,6.5,3JSL,7.0,Crystal structure of the adenylation domain of NAD+-dependent DNA ligase from Staphylococcus aureus,,1.8,X-RAY DIFFRACTION
transferases,kinase,2.7,13PK,7.0,TERNARY COMPLEX OF PHOSPHOGLYCERATE KINASE FROM TRYPANOSOMA BRUCEI,,2.5,X-RAY DIFFRACTION
hydrolases,peptidase,3.4,1A2Z,7.0,PYRROLIDONE CARBOXYL PEPTIDASE FROM THERMOCOCCUS LITORALIS,,1.73,X-RAY DIFFRACTION
lyases,crystallin,4.3,1AUW,7.0,H91N DELTA 2 CRYSTALLIN FROM DUCK,,2.5,X-RAY DIFFRACTION
transferases,transferase,2.8,2VJQ,7.0,Formyl-CoA transferase mutant variant W48Q,,1.8,X-RAY DIFFRACTION
transferases,s-transferase,2.5,12GS,7.0,GLUTATHIONE S-TRANSFERASE COMPLEXED WITH S-NONYL-GLUTATHIONE,,2.1,X-RAY DIFFRACTION
hydrolases,transforming,3.6,1AGP,7.0,THREE-DIMENSIONAL STRUCTURES AND PROPERTIES OF A TRANSFORMING AND A NONTRANSFORMING GLY-12 MUTANT OF P21-H-RAS,,2.3,X-RAY DIFFRACTION
hydrolases,binding,3.1,11BA,7.0,"BINDING OF A SUBSTRATE ANALOGUE TO A DOMAIN SWAPPING PROTEIN IN THE COMPLEX OF BOVINE SEMINAL RIBONUCLEASE WITH URIDYLYL-2',5'-ADENOSINE",,2.06,X-RAY DIFFRACTION
lyases,dihydrodipicolinate,4.2,1DHP,7.0,DIHYDRODIPICOLINATE SYNTHASE,,2.3,X-RAY DIFFRACTION
hydrolases,peptidase,3.4,1Z8X,7.0,"Structure of Mutant Pyrrolidone Carboxyl Peptidase (E192V) from a Hyperthermophile, Pyrococcus furiosus",,2.0,X-RAY DIFFRACTION
transferases,synthase,2.1,1AOB,7.0,E. COLI THYMIDYLATE SYNTHASE COMPLEXED WITH DDURD,,2.1,X-RAY DIFFRACTION
hydrolases,glycosyltransferase,3.2,1BPL,7.0,GLYCOSYLTRANSFERASE,,2.2,X-RAY DIFFRACTION
transferases,pyrimidine,2.4,1A3C,7.0,"PYRR, THE BACILLUS SUBTILIS PYRIMIDINE BIOSYNTHETIC OPERON REPRESSOR, DIMERIC FORM",,1.6,X-RAY DIFFRACTION
ligases,synthetase,6.1,1ATI,7.0,CRYSTAL STRUCTURE OF GLYCYL-TRNA SYNTHETASE FROM THERMUS THERMOPHILUS,,2.75,X-RAY DIFFRACTION
isomerases,4-epimerase,5.1,1A9Y,7.0,UDP-GALACTOSE 4-EPIMERASE MUTANT S124A/Y149F COMPLEXED WITH UDP-GLUCOSE,,1.8,X-RAY DIFFRACTION
hydrolases,murine,3.3,1CQZ,7.0,CRYSTAL STRUCTURE OF MURINE SOLUBLE EPOXIDE HYDROLASE.,,2.8,X-RAY DIFFRACTION
oxidoreductases,dehydrogenase,1.4,1B3B,7.0,"THERMOTOGA MARITIMA GLUTAMATE DEHYDROGENASE MUTANT N97D, G376K",,3.1,X-RAY DIFFRACTION
lyases,synthase,4.2,1A5S,7.0,CRYSTAL STRUCTURE OF WILD-TYPE TRYPTOPHAN SYNTHASE COMPLEXED WITH 5-FLUOROINDOLE PROPANOL PHOSPHATE AND L-SER BOUND AS AMINO ACRYLATE TO THE BETA SITE,,2.3,X-RAY DIFFRACTION
hydrolases,amino-acid,3.2,102L,7.0,HOW AMINO-ACID INSERTIONS ARE ALLOWED IN AN ALPHA-HELIX OF T4 LYSOZYME,,1.74,X-RAY DIFFRACTION
oxidoreductases,reductase,1.6,1BWC,7.0,STRUCTURE OF HUMAN GLUTATHIONE REDUCTASE COMPLEXED with AJOENE INHIBITOR AND SUBVERSIVE SUBSTRATE,,2.1,X-RAY DIFFRACTION
transferases,purine,2.4,1A69,7.0,PURINE NUCLEOSIDE PHOSPHORYLASE IN COMPLEX WITH FORMYCIN B AND SULPHATE (PHOSPHATE),,2.1,X-RAY DIFFRACTION
lyases,lyase,4.1,2AHC,7.0,Chorismate lyase with inhibitor Vanilate,,2.4,X-RAY DIFFRACTION
hydrolases,subtilisin,3.4,1A2Q,7.0,SUBTILISIN BPN' MUTANT 7186,,1.8,X-RAY DIFFRACTION
transferases,lumazine,2.5,1C2Y,7.0,CRYSTAL STRUCTURES OF A PENTAMERIC FUNGAL AND AN ICOSAHEDRAL PLANT LUMAZINE SYNTHASE REVEALS THE STRUCTURAL BASIS FOR DIFFERENCES IN ASSEMBLY,,3.3,X-RAY DIFFRACTION
lyases,indole-3-glycerol,4.2,1A5A,7.0,"CRYO-CRYSTALLOGRAPHY OF A TRUE SUBSTRATE, INDOLE-3-GLYCEROL PHOSPHATE, BOUND TO A MUTANT (ALPHAD60N) TRYPTOPHAN SYNTHASE ALPHA2BETA2 COMPLEX REVEALS THE CORRECT ORIENTATION OF ACTIVE SITE ALPHA GLU 49",,1.9,X-RAY DIFFRACTION
oxidoreductases,inhibitor,1.6,1ALG,7.0,"SOLUTION STRUCTURE OF AN HGR INHIBITOR, NMR, 10 STRUCTURES",,,SOLUTION NMR
oxidoreductases,reductase,1.5,1AOE,7.0,"CANDIDA ALBICANS DIHYDROFOLATE REDUCTASE COMPLEXED WITH DIHYDRO-NICOTINAMIDE-ADENINE-DINUCLEOTIDE PHOSPHATE (NADPH) AND 1,3-DIAMINO-7-(1-ETHYEPROPYE)-7H-PYRRALO-[3,2-F]QUINAZOLINE (GW345)",,1.6,X-RAY DIFFRACTION
oxidoreductases,copper-containing,1.4,1AVK,7.0,CRYSTAL STRUCTURES OF THE COPPER-CONTAINING AMINE OXIDASE FROM ARTHROBACTER GLOBIFORMIS IN THE HOLO-AND APO-FORMS: IMPLICATIONS FOR THE BIOGENESIS OF TOPA QUINONE,,2.2,X-RAY DIFFRACTION
hydrolases,beta-tryptase,3.4,1A0L,7.0,HUMAN BETA-TRYPTASE: A RING-LIKE TETRAMER WITH ACTIVE SITES FACING A CENTRAL PORE,,3.0,X-RAY DIFFRACTION
isomerases,isomerase,5.3,2BES,7.0,"Structure of Mycobacterium tuberculosis Ribose-5-Phosphate Isomerase, RpiB, Rv2465c, in complex with 4-phospho-D-erythronohydroxamic acid.",,2.1,X-RAY DIFFRACTION
isomerases,isomerase,5.3,2VVR,7.0,Crystal structure of the H99N mutant of ribose-5-phosphate isomerase B from E. coli soaked with ribose 5-phosphate,,2.1,X-RAY DIFFRACTION
transferases,s-transferase,2.5,17GS,7.0,GLUTATHIONE S-TRANSFERASE P1-1,,1.9,X-RAY DIFFRACTION
transferases,reductase,2.8,5G0R,7.0,METHYL-COENZYME M REDUCTASE I FROM METHANOTHERMOBACTER MARBURGENSIS EXPOSED TO 3-NITROOXYPROPANOL,,1.25,X-RAY DIFFRACTION
transferases,binary,2.3,2R9E,7.0,The structure of the binary complex of citryl dethia COA and citrate synthase from the thermophilic archaeonthermoplasma acidophilum,,1.95,X-RAY DIFFRACTION
isomerases,isomerase,5.3,1A0C,7.0,XYLOSE ISOMERASE FROM THERMOANAEROBACTERIUM THERMOSULFURIGENES,,2.5,X-RAY DIFFRACTION
lyases,pectin,4.2,1IDJ,7.0,PECTIN LYASE A,,2.4,X-RAY DIFFRACTION
lyases,synthase,4.1,1O7X,7.0,Citrate synthase from Sulfolobus solfataricus,,2.7,X-RAY DIFFRACTION
hydrolases,hydrolase,3.2,1EZR,7.0,CRYSTAL STRUCTURE OF NUCLEOSIDE HYDROLASE FROM LEISHMANIA MAJOR,,2.5,X-RAY DIFFRACTION
oxidoreductases,myoglobin,1.11,110M,7.0,SPERM WHALE MYOGLOBIN D122N METHYL ISOCYANIDE AT PH 9.0,,1.77,X-RAY DIFFRACTION
oxidoreductases,copper-containing,1.4,1AVL,7.0,CRYSTAL STRUCTURES OF THE COPPER-CONTAINING AMINE OXIDASE FROM ARTHROBACTER GLOBIFORMIS IN THE HOLO-AND APO-FORMS: IMPLICATIONS FOR THE BIOGENESIS OF TOPA QUINONE,,2.8,X-RAY DIFFRACTION
hydrolases,protease,3.4,1N6D,7.0,Tricorn protease in complex with tetrapeptide chloromethyl ketone derivative,,2.8,X-RAY DIFFRACTION
oxidoreductases,domain,1.9,1HZV,7.0,DOMAIN SWING UPON HIS TO ALA MUTATION IN NITRITE REDUCTASE OF PSEUDOMONAS AERUGINOSA,,2.83,X-RAY DIFFRACTION
oxidoreductases,oxidase,1.10,1ASP,7.0,"X-RAY STRUCTURES AND MECHANISTIC IMPLICATIONS OF THREE FUNCTIONAL DERIVATIVES OF ASCORBATE OXIDASE FROM ZUCCHINI: REDUCED-, PEROXIDE-, AND AZIDE-FORMS",,2.59,X-RAY DIFFRACTION
oxidoreductases,dehydrogenase,1.1,1ADC,7.0,CRYSTALLOGRAPHIC STUDIES OF ISOSTERIC NAD ANALOGUES BOUND TO ALCOHOL DEHYDROGENASE: SPECIFICITY AND SUBSTRATE BINDING IN TWO TERNARY COMPLEXES,,2.7,X-RAY DIFFRACTION
hydrolases,in,3.2,107L,7.0,STRUCTURAL BASIS OF ALPHA-HELIX PROPENSITY AT TWO SITES IN T4 LYSOZYME,,1.8,X-RAY DIFFRACTION
oxidoreductases,oxidase,1.9,1EHK,7.0,CRYSTAL STRUCTURE OF THE ABERRANT BA3-CYTOCHROME-C OXIDASE FROM THERMUS THERMOPHILUS,,2.4,X-RAY DIFFRACTION
hydrolases,phospholipase,3.1,1A3D,7.0,PHOSPHOLIPASE A2 (PLA2) FROM NAJA NAJA VENOM,,1.8,X-RAY DIFFRACTION
oxidoreductases,oxidoreductase,1.6,1BKJ,7.0,NADPH:FMN OXIDOREDUCTASE FROM VIBRIO HARVEYI,,1.8,X-RAY DIFFRACTION
hydrolases,in,3.2,111L,7.0,STRUCTURAL BASIS OF ALPHA-HELIX PROPENSITY AT TWO SITES IN T4 LYSOZYME,,1.8,X-RAY DIFFRACTION
hydrolases,hydrolase,3.3,1GW6,7.0,STRUCTURE OF LEUKOTRIENE A4 HYDROLASE D375N MUTANT,,2.2,X-RAY DIFFRACTION
transferases,reductase,2.8,7NKG,7.0,Methyl-coenzyme M reductase from Methermicoccus shengliensis at 1.6-A resolution,,1.6,X-RAY DIFFRACTION
oxidoreductases,catalase,1.11,1CF9,7.0,Structure of the mutant VAL169CYS of catalase HPII from Escherichia coli,,1.8,X-RAY DIFFRACTION
hydrolases,hydrolase,3.3,1EHY,7.0,X-ray structure of the epoxide hydrolase from agrobacterium radiobacter ad1,,2.1,X-RAY DIFFRACTION
oxidoreductases,enzyme,1.8,1DDG,7.0,CRYSTAL STRUCTURE OF SIR-FP60,,2.01,X-RAY DIFFRACTION
transferases,synthase,2.1,2AAZ,7.0,Cryptococcus neoformans thymidylate synthase complexed with substrate and an antifolate,,2.08,X-RAY DIFFRACTION
hydrolases,in,3.2,112L,7.0,STRUCTURAL BASIS OF ALPHA-HELIX PROPENSITY AT TWO SITES IN T4 LYSOZYME,,1.8,X-RAY DIFFRACTION
transferases,succinyl-coa:3-ketoacid,2.8,3OXO,7.0,Succinyl-CoA:3-ketoacid CoA transferase from pig heart covalently bound to CoA,,2.3,X-RAY DIFFRACTION
isomerases,isomerase,5.5,1EYP,7.0,CHALCONE ISOMERASE,,2.5,X-RAY DIFFRACTION
transferases,transaldolase,2.2,1I2P,7.0,CRYSTAL STRUCTURE OF ESCHERICHIA COLI TRANSALDOLASE B MUTANT D17A,,2.05,X-RAY DIFFRACTION
hydrolases,serine,3.1,6IHS,7.0,Crystal structure of bacterial serine phosphatase with His-tag mutation,,1.4,X-RAY DIFFRACTION
isomerases,enzyme,5.2,1AWQ,7.0,CYPA COMPLEXED WITH HAGPIA (PSEUDO-SYMMETRIC MONOMER),,1.58,X-RAY DIFFRACTION
hydrolases,enzyme,3.4,2DF5,7.0,Crystal Structure of Pf-PCP(1-204)-C,,2.3,X-RAY DIFFRACTION
ligases,succinyl-coa,6.2,1EUD,7.0,"CRYSTAL STRUCTURE OF PHOSPHORYLATED PIG HEART, GTP-SPECIFIC SUCCINYL-COA SYNTHETASE",,2.1,X-RAY DIFFRACTION
transferases,transaldolase,2.2,1I2Q,7.0,CRYSTAL STRUCTURE OF ESCHERICHIA COLI TRANSALDOLASE B MUTANT T156A,,2.05,X-RAY DIFFRACTION
hydrolases,serine,3.1,6IHW,7.0,Crystal structure of bacterial serine phosphatase bearing R161K mutation,,1.55,X-RAY DIFFRACTION
transferases,reductase,2.8,5A8K,7.0,METHYL-COENZYME M REDUCTASE FROM METHANOTHERMOBACTER WOLFEII AT 1.4 A RESOLUTION,,1.41,X-RAY DIFFRACTION
oxidoreductases,reductase,1.5,1AI9,7.0,CANDIDA ALBICANS DIHYDROFOLATE REDUCTASE,,1.85,X-RAY DIFFRACTION
isomerases,isomerase,5.3,2VVP,7.0,Crystal structure of Mycobacterium tuberculosis ribose-5-phosphate isomerase B in complex with its substrates ribose 5-phosphate and ribulose 5-phosphate,,1.65,X-RAY DIFFRACTION
hydrolases,protease,3.4,1N6F,7.0,tricorn protease in complex with Z-Phe-diketo-Arg-Glu-Phe,,2.7,X-RAY DIFFRACTION
hydrolases,purine,3.5,1A4M,7.0,ADA STRUCTURE COMPLEXED WITH PURINE RIBOSIDE AT PH 7.0,,1.95,X-RAY DIFFRACTION
lyases,lyase,4.2,2BRW,7.0,Crystal structure of Streptococcus Pneumoniae Hyaluronate Lyase from 30percent PEGMME.,,2.8,X-RAY DIFFRACTION
ligases,hydrogenase,6.2,1GXT,7.0,"Hydrogenase Maturation Protein HypF ""acylphosphatase-like"" N-terminal domain (HypF-ACP) in complex with Sulfate",,1.27,X-RAY DIFFRACTION
isomerases,enzyme,5.2,1AWT,7.0,SECYPA COMPLEXED WITH HAGPIA,,2.55,X-RAY DIFFRACTION
oxidoreductases,oxidase,1.1,1B8S,7.0,CHOLESTEROL OXIDASE FROM STREPTOMYCES GLU361GLN MUTANT,,1.65,X-RAY DIFFRACTION
hydrolases,crystalline,3.4,1IOI,7.0,"x-ray crystalline structures of pyrrolidone carboxyl peptidase from a hyperthermophile, pyrococcus furiosus, and its cys-free mutant",,2.7,X-RAY DIFFRACTION
oxidoreductases,oxidase,1.9,1M56,7.0,Structure of cytochrome c oxidase from Rhodobactor sphaeroides (Wild Type),,2.3,X-RAY DIFFRACTION
hydrolases,inositol,3.1,1I9Y,7.0,CRYSTAL STRUCTURE OF INOSITOL POLYPHOSPHATE 5-PHOSPHATASE DOMAIN (IPP5C) OF SPSYNAPTOJANIN,,2.0,X-RAY DIFFRACTION
hydrolases,protease,3.4,1K32,7.0,Crystal structure of the tricorn protease,,2.0,X-RAY DIFFRACTION
ligases,carboxylase,6.4,1UYT,7.0,Acetyl-CoA carboxylase carboxyltransferase domain,,2.5,X-RAY DIFFRACTION
ligases,carboxylase,6.4,1OD4,7.0,Acetyl-CoA Carboxylase Carboxyltransferase Domain,,2.7,X-RAY DIFFRACTION
oxidoreductases,bovine,1.10,1BGY,7.0,CYTOCHROME BC1 COMPLEX FROM BOVINE,,3.0,X-RAY DIFFRACTION
hydrolases,protein,3.1,2IMG,7.0,Crystal structure of dual specificity protein phosphatase 23 from Homo sapiens in complex with ligand malate ion,,1.93,X-RAY DIFFRACTION
isomerases,mutase,5.4,1BQ3,7.0,SACCHAROMYCES CEREVISIAE PHOSPHOGLYCERATE MUTASE IN COMPLEX WITH INOSITOL HEXAKISPHOSPHATE,,2.7,X-RAY DIFFRACTION
ligases,in,6.3,1MD9,7.0,CRYSTAL STRUCTURE OF DhbE IN COMPLEX WITH DHB AND AMP,,2.8,X-RAY DIFFRACTION
hydrolases,lipase,3.1,1HPL,7.0,HORSE PANCREATIC LIPASE. THE CRYSTAL STRUCTURE AT 2.3 ANGSTROMS RESOLUTION,,2.3,X-RAY DIFFRACTION
isomerases,enzyme,5.2,1AWV,7.0,CYPA COMPLEXED WITH HVGPIA,,2.34,X-RAY DIFFRACTION
oxidoreductases,oxidase,1.10,1ASO,7.0,"X-RAY STRUCTURES AND MECHANISTIC IMPLICATIONS OF THREE FUNCTIONAL DERIVATIVES OF ASCORBATE OXIDASE FROM ZUCCHINI: REDUCED-, PEROXIDE-, AND AZIDE-FORMS",,2.2,X-RAY DIFFRACTION
isomerases,isomerase,5.3,1AW2,7.0,TRIOSEPHOSPHATE ISOMERASE OF VIBRIO MARINUS,,2.65,X-RAY DIFFRACTION
oxidoreductases,enzyme,1.8,1BHY,7.0,LOW TEMPERATURE MIDDLE RESOLUTION STRUCTURE OF P64K FROM MASC DATA,,4.18,X-RAY DIFFRACTION
ligases,ligase,6.5,3GDE,7.0,The closed conformation of ATP-dependent DNA ligase from Archaeoglobus fulgidus,,2.3,X-RAY DIFFRACTION
lyases,adenylosuccinate,4.3,1DOF,7.0,THE CRYSTAL STRUCTURE OF ADENYLOSUCCINATE LYASE FROM PYROBACULUM AEROPHILUM: INSIGHTS INTO THERMAL STABILITY AND HUMAN PATHOLOGY,,2.1,X-RAY DIFFRACTION
oxidoreductases,myoglobin,1.11,103M,7.0,SPERM WHALE MYOGLOBIN H64A N-BUTYL ISOCYANIDE AT PH 9.0,,2.07,X-RAY DIFFRACTION
transferases,transaldolase,2.2,1I2O,7.0,CRYSTAL STRUCTURE OF ESCHERICHIA COLI TRANSALDOLASE B MUTANT E96A,,2.05,X-RAY DIFFRACTION
oxidoreductases,reductase,1.3,1BVR,7.0,M.TB. ENOYL-ACP REDUCTASE (INHA) IN COMPLEX WITH NAD+ AND C16-FATTY-ACYL-SUBSTRATE,,2.8,X-RAY DIFFRACTION
transferases,synthase,2.1,1AN5,7.0,E. COLI THYMIDYLATE SYNTHASE IN COMPLEX WITH CB3717,,2.6,X-RAY DIFFRACTION
oxidoreductases,dehydrogenase,1.2,1AD3,7.0,CLASS 3 ALDEHYDE DEHYDROGENASE COMPLEX WITH NICOTINAMIDE-ADENINE-DINUCLEOTIDE,,2.6,X-RAY DIFFRACTION
lyases,spinach,4.1,1AUS,7.0,ACTIVATED UNLIGANDED SPINACH RUBISCO,,2.2,X-RAY DIFFRACTION
hydrolases,phosphatase,3.1,2WGP,7.0,Crystal structure of human dual specificity phosphatase 14,,1.88,X-RAY DIFFRACTION
transferases,s-transferase,2.5,19GS,7.0,Glutathione s-transferase p1-1,,1.9,X-RAY DIFFRACTION
ligases,ligase,6.5,3RR5,7.0,DNA ligase from the archaeon Thermococcus sp. 1519,,3.018,X-RAY DIFFRACTION
oxidoreductases,dehydrogenase,1.4,1B26,7.0,GLUTAMATE DEHYDROGENASE,,3.0,X-RAY DIFFRACTION
hydrolases,binding,3.6,1A63,7.0,"THE NMR STRUCTURE OF THE RNA BINDING DOMAIN OF E.COLI RHO FACTOR SUGGESTS POSSIBLE RNA-PROTEIN INTERACTIONS, 10 STRUCTURES",,,SOLUTION NMR
hydrolases,n-carbamoylputrescine,3.5,5H8K,7.0,Crystal structure of Medicago truncatula N-carbamoylputrescine amidohydrolase (MtCPA) C158S mutant,,2.39,X-RAY DIFFRACTION
isomerases,4-epimerase,5.1,1A9Z,7.0,UDP-GALACTOSE 4-EPIMERASE MUTANT S124A/Y149F COMPLEXED WITH UDP-GALACTOSE,,1.9,X-RAY DIFFRACTION
transferases,succinyl-coa:3-ketoacid,2.8,1M3E,7.0,Succinyl-COA:3-ketoacid COA transferase from pig heart (selenomethionine),,2.5,X-RAY DIFFRACTION
ligases,synthetase,6.1,1B76,7.0,GLYCYL-TRNA SYNTHETASE FROM THERMUS THERMOPHILUS COMPLEXED WITH ATP,,3.4,X-RAY DIFFRACTION
lyases,adenylosuccinate,4.3,1C3U,7.0,T. MARITIMA ADENYLOSUCCINATE LYASE,,2.3,X-RAY DIFFRACTION
lyases,lyase,4.2,1N7N,7.0,Streptococcus pneumoniae Hyaluronate Lyase W292A Mutant,,1.55,X-RAY DIFFRACTION
oxidoreductases,nadp+-ferredoxin:nadp+,1.18,1QUF,7.0,X-RAY STRUCTURE OF A COMPLEX NADP+-FERREDOXIN:NADP+ REDUCTASE FROM THE CYANOBACTERIUM ANABAENA PCC 7119 AT 2.25 ANGSTROMS,,2.25,X-RAY DIFFRACTION
transferases,s-transferase,2.5,10GS,7.0,"HUMAN GLUTATHIONE S-TRANSFERASE P1-1, COMPLEX WITH TER117",,2.2,X-RAY DIFFRACTION
isomerases,racemase,5.1,1DTN,7.0,MANDELATE RACEMASE MUTANT D270N CO-CRYSTALLIZED WITH (S)-ATROLACTATE,,2.1,X-RAY DIFFRACTION
oxidoreductases,bovine,1.10,1BE3,7.0,CYTOCHROME BC1 COMPLEX FROM BOVINE,,3.0,X-RAY DIFFRACTION
transferases,estrogen,2.8,1AQY,7.0,ESTROGEN SULFOTRANSFERASE WITH PAP,,1.75,X-RAY DIFFRACTION
hydrolases,murine,3.3,1EK2,7.0,CRYSTAL STRUCTURE OF MURINE SOLUBLE EPOXIDE HYDROLASE COMPLEXED WITH CDU INHIBITOR,,3.0,X-RAY DIFFRACTION
oxidoreductases,dehydrogenase,1.1,1A4U,7.0,ALCOHOL DEHYDROGENASE FROM DROSOPHILA LEBANONENSIS,,1.92,X-RAY DIFFRACTION
oxidoreductases,dehydrogenase,1.2,1B7G,7.0,GLYCERALDEHYDE 3-PHOSPHATE DEHYDROGENASE,,2.05,X-RAY DIFFRACTION
transferases,branched-chain,2.6,1A3G,7.0,BRANCHED-CHAIN AMINO ACID AMINOTRANSFERASE FROM ESCHERICHIA COLI,,2.5,X-RAY DIFFRACTION
hydrolases,lipase/colipase,3.1,1ETH,7.0,TRIACYLGLYCEROL LIPASE/COLIPASE COMPLEX,,2.8,X-RAY DIFFRACTION
isomerases,enzyme,5.2,1A7X,7.0,FKBP12-FK1012 COMPLEX,,2.0,X-RAY DIFFRACTION
oxidoreductases,methanosarcina,1.1,5XUX,7.0,Crystal structure of Rib7 from Methanosarcina mazei,,2.27,X-RAY DIFFRACTION
oxidoreductases,oxidase,1.9,1AR1,7.0,Structure at 2.7 Angstrom Resolution of the Paracoccus Denitrificans two-subunit Cytochrome C Oxidase Complexed with an Antibody Fv Fragment,,2.7,X-RAY DIFFRACTION
hydrolases,methylesterase,3.1,1A2O,7.0,STRUCTURAL BASIS FOR METHYLESTERASE CHEB REGULATION BY A PHOSPHORYLATION-ACTIVATED DOMAIN,,2.4,X-RAY DIFFRACTION
lyases,histidine,4.3,1B8F,7.0,Histidine ammonia-lyase (HAL) from Pseudomonas putida,,2.1,X-RAY DIFFRACTION
transferases,sulfurtransferase,2.8,1E0C,7.0,SULFURTRANSFERASE FROM AZOTOBACTER VINELANDII,,1.8,X-RAY DIFFRACTION
oxidoreductases,cryogenic,1.14,1BU7,7.0,CRYOGENIC STRUCTURE OF CYTOCHROME P450BM-3 HEME DOMAIN,,1.65,X-RAY DIFFRACTION
ligases,asparagine,6.3,12AS,7.0,"ASPARAGINE SYNTHETASE MUTANT C51A, C315A COMPLEXED WITH L-ASPARAGINE AND AMP",,2.2,X-RAY DIFFRACTION
transferases,domain,2.7,5Y96,7.0,Crystal structure of ANXUR1 extracellular domain from Arabidopsis thaliana,,1.8,X-RAY DIFFRACTION
hydrolases,lipase,3.1,1GPL,7.0,RP2 LIPASE,,2.01,X-RAY DIFFRACTION
hydrolases,alpha-amylase,3.2,1PIF,7.0,PIG ALPHA-AMYLASE,,2.3,X-RAY DIFFRACTION
transferases,alpha-lactalbumin,2.4,1A4V,7.0,ALPHA-LACTALBUMIN,,1.8,X-RAY DIFFRACTION
